{"cameraMode":{"drawMode":0,"name":"Shaded","section":"Shading Mode"},"sceneLighting":false,"audioPlay":false,"sceneViewState":{"showFog":true,"showMaterialUpdate":false,"showSkybox":false,"showFlares":true,"showImageEffects":true,"showParticleSystems":true},"in2DMode":false,"pivot":{"x":15.671415328979493,"y":10.522672653198243,"z":-37.626792907714847},"rotation":{"x":-0.009423661045730114,"y":0.9620616436004639,"z":-0.03350260108709335,"w":-0.27061283588409426},"size":10.0,"orthographic":false}