{"cameraMode":{"drawMode":0,"name":"Shaded","section":"Shading Mode"},"sceneLighting":false,"audioPlay":false,"sceneViewState":{"showFog":true,"showMaterialUpdate":false,"showSkybox":false,"showFlares":true,"showImageEffects":true,"showParticleSystems":true},"in2DMode":false,"pivot":{"x":-11.008773803710938,"y":0.31904494762420657,"z":-1.1208473443984986},"rotation":{"x":-0.038243912160396579,"y":-0.9476367235183716,"z":0.2918984889984131,"w":-0.12408421188592911},"size":1.405442714691162,"orthographic":false}