{"cameraMode":{"drawMode":0,"name":"Shaded","section":"Shading Mode"},"sceneLighting":false,"audioPlay":false,"sceneViewState":{"showFog":true,"showMaterialUpdate":false,"showSkybox":false,"showFlares":true,"showImageEffects":true,"showParticleSystems":true},"in2DMode":false,"pivot":{"x":-0.23563385009765626,"y":0.0,"z":0.23661065101623536},"rotation":{"x":0.04628599062561989,"y":-0.9078038334846497,"z":0.1042536050081253,"w":0.40374162793159487},"size":1.7320507764816285,"orthographic":false}