{"cameraMode":{"drawMode":0,"name":"Shaded","section":"Shading Mode"},"sceneLighting":false,"audioPlay":false,"sceneViewState":{"showFog":true,"showMaterialUpdate":false,"showSkybox":false,"showFlares":true,"showImageEffects":true,"showParticleSystems":true},"in2DMode":false,"pivot":{"x":-11.87584114074707,"y":1.2524935007095338,"z":1.641417384147644},"rotation":{"x":-0.08570533990859986,"y":-0.005067396908998489,"z":0.00044118022196926177,"w":-0.9963491559028626},"size":1.4924055337905884,"orthographic":false}