{"cameraMode":{"drawMode":0,"name":"Shaded","section":"Shading Mode"},"sceneLighting":false,"audioPlay":false,"sceneViewState":{"showFog":true,"showMaterialUpdate":false,"showSkybox":false,"showFlares":true,"showImageEffects":true,"showParticleSystems":true},"in2DMode":false,"pivot":{"x":0.18664032220840455,"y":0.04501473903656006,"z":-0.583463191986084},"rotation":{"x":-0.019434744492173196,"y":-0.9790233969688416,"z":0.16937066614627839,"w":-0.11211968213319779},"size":0.8660283088684082,"orthographic":false}