{"cameraMode":{"drawMode":0,"name":"Shaded","section":"Shading Mode"},"sceneLighting":true,"audioPlay":false,"sceneViewState":{"showFog":true,"showMaterialUpdate":false,"showSkybox":true,"showFlares":true,"showImageEffects":true,"showParticleSystems":true},"in2DMode":false,"pivot":{"x":17.041473388671876,"y":7.494237422943115,"z":32.72923278808594},"rotation":{"x":0.013282670639455319,"y":0.9832492470741272,"z":-0.1640314757823944,"w":0.07925262302160263},"size":0.8575547337532044,"orthographic":false}