{"cameraMode":{"drawMode":0,"name":"Shaded","section":"Shading Mode"},"sceneLighting":true,"audioPlay":false,"sceneViewState":{"showFog":true,"showMaterialUpdate":false,"showSkybox":true,"showFlares":true,"showImageEffects":true,"showParticleSystems":true},"in2DMode":false,"pivot":{"x":-20.598556518554689,"y":13.438742637634278,"z":-17.846080780029298},"rotation":{"x":-0.027369752526283265,"y":-0.31280386447906496,"z":0.008982635103166104,"w":-0.9494039416313171},"size":0.8660253882408142,"orthographic":false}