{"cameraMode":{"drawMode":0,"name":"Shaded","section":"Shading Mode"},"sceneLighting":true,"audioPlay":false,"sceneViewState":{"showFog":true,"showMaterialUpdate":true,"showSkybox":true,"showFlares":true,"showImageEffects":true,"showParticleSystems":true},"in2DMode":false,"pivot":{"x":-11.359099388122559,"y":2.4211714267730715,"z":13.177772521972657},"rotation":{"x":-0.08550946414470673,"y":-0.9108844995498657,"z":0.24074126780033112,"w":-0.32437664270401},"size":3.6153342723846437,"orthographic":false}