{"cameraMode":{"drawMode":0,"name":"Shaded","section":"Shading Mode"},"sceneLighting":true,"audioPlay":false,"sceneViewState":{"showFog":true,"showMaterialUpdate":true,"showSkybox":true,"showFlares":true,"showImageEffects":true,"showParticleSystems":true},"in2DMode":false,"pivot":{"x":-15.790639877319336,"y":2.0605669021606447,"z":-0.5315754413604736},"rotation":{"x":0.001155424048192799,"y":-0.9608731269836426,"z":0.2770317494869232,"w":0.0018242005025967956},"size":10.0,"orthographic":false}