{"cameraMode":{"drawMode":0,"name":"Shaded","section":"Shading Mode"},"sceneLighting":true,"audioPlay":false,"sceneViewState":{"showFog":true,"showMaterialUpdate":true,"showSkybox":true,"showFlares":true,"showImageEffects":true,"showParticleSystems":true},"in2DMode":false,"pivot":{"x":20.338085174560548,"y":-0.5759572982788086,"z":4.124549865722656},"rotation":{"x":0.021639637649059297,"y":-0.9705954194068909,"z":0.09205514937639237,"w":0.22145947813987733},"size":10.0,"orthographic":false}