{"cameraMode":{"drawMode":0,"name":"Shaded","section":"Shading Mode"},"sceneLighting":true,"audioPlay":false,"sceneViewState":{"showFog":true,"showMaterialUpdate":true,"showSkybox":true,"showFlares":true,"showImageEffects":true,"showParticleSystems":true},"in2DMode":false,"pivot":{"x":-3.770425796508789,"y":-1.2281479835510255,"z":-5.201688289642334},"rotation":{"x":-0.06278128176927567,"y":-0.9135503768920898,"z":0.15532797574996949,"w":-0.3708639442920685},"size":6.718263626098633,"orthographic":false}