{"cameraMode":{"drawMode":0,"name":"Shaded","section":"Shading Mode"},"sceneLighting":true,"audioPlay":false,"sceneViewState":{"showFog":true,"showMaterialUpdate":false,"showSkybox":true,"showFlares":true,"showImageEffects":true,"showParticleSystems":true},"in2DMode":false,"pivot":{"x":20.95862579345703,"y":6.166006088256836,"z":-25.211973190307618},"rotation":{"x":-0.006135092582553625,"y":-0.9927554726600647,"z":-0.057832565158605579,"w":0.10523157566785813},"size":10.0,"orthographic":false}