{"cameraMode":{"drawMode":0,"name":"Shaded","section":"Shading Mode"},"sceneLighting":true,"audioPlay":false,"sceneViewState":{"showFog":true,"showMaterialUpdate":true,"showSkybox":true,"showFlares":true,"showImageEffects":true,"showParticleSystems":true},"in2DMode":false,"pivot":{"x":-11.963703155517579,"y":0.7084259986877441,"z":5.056868076324463},"rotation":{"x":-0.1678691804409027,"y":0.21529796719551087,"z":-0.037340473383665088,"w":-0.9613863229751587},"size":3.6153342723846437,"orthographic":false}