{"cameraMode":{"drawMode":0,"name":"Shaded","section":"Shading Mode"},"sceneLighting":false,"audioPlay":false,"sceneViewState":{"showFog":true,"showMaterialUpdate":false,"showSkybox":false,"showFlares":true,"showImageEffects":true,"showParticleSystems":true},"in2DMode":false,"pivot":{"x":-0.004249453544616699,"y":0.8038339614868164,"z":-0.027070164680480958},"rotation":{"x":-0.19686929881572724,"y":0.040369097143411639,"z":-0.008026016876101494,"w":-0.9796488285064697},"size":1.4924057722091675,"orthographic":false}