{"cameraMode":{"drawMode":0,"name":"Shaded","section":"Shading Mode"},"sceneLighting":true,"audioPlay":false,"sceneViewState":{"showFog":true,"showMaterialUpdate":true,"showSkybox":true,"showFlares":true,"showImageEffects":true,"showParticleSystems":true},"in2DMode":false,"pivot":{"x":-9.906973838806153,"y":1.0509018898010255,"z":1.4059147834777833},"rotation":{"x":-0.18671199679374696,"y":-0.011954674497246743,"z":0.002532488899305463,"w":-0.9824333190917969},"size":3.015334367752075,"orthographic":false}